"","set","injury_type","prop"
"1","T0","-2",3.57142857142857
"2","T10","-2",13.2890365448505
"3","T4","-2",25
"4","T8","-2",5.71428571428571
"5","T4","1",6.25
"6","T0","3",82.1428571428571
"7","T10","3",219.269102990033
"8","T4","3",56.25
"9","T8","3",94.2857142857143
"10","T0","3 6",3.57142857142857
"11","T10","3 6",13.2890365448505
"12","T0","6",10.7142857142857
"13","T10","6",219.269102990033
"14","T4","6",12.5
